CREATE DATABASE swabhav;

USE swabhav;

ALTER USER 'root'@'localhost' IDENTIFIED WITH mysql_native_password BY 'root';

DROP TABLE EMP;
DROP TABLE DEPT;

CREATE TABLE DEPT (
 DEPTNO              integer NOT NULL,
 DNAME               varchar(14),
 LOC                 varchar(13),
 CONSTRAINT DEPT_PRIMARY_KEY PRIMARY KEY (DEPTNO));

INSERT INTO DEPT VALUES (10,'ACCOUNTING','NEW YORK');
INSERT INTO DEPT VALUES (20,'RESEARCH','DALLAS');
INSERT INTO DEPT VALUES (30,'SALES','CHICAGO');
INSERT INTO DEPT VALUES (40,'OPERATIONS','BOSTON');


CREATE TABLE EMP (
 EMPNO               integer NOT NULL,
 ENAME               varchar(10),
 JOB                 varchar(9),
 MGR                 integer,
 HIREDATE            DATE,
 SAL                 integer,
 COMM                integer,
 DEPTNO              integer NOT NULL,
 CONSTRAINT EMP_SELF_KEY FOREIGN KEY (MGR) REFERENCES EMP (EMPNO),
 CONSTRAINT EMP_FOREIGN_KEY FOREIGN KEY (DEPTNO) REFERENCES DEPT (DEPTNO),
 CONSTRAINT EMP_PRIMARY_KEY PRIMARY KEY (EMPNO));

INSERT INTO EMP VALUES (7839,'KING','PRESIDENT',NULL,'1981-11-17',5000,NULL,10);
INSERT INTO EMP VALUES (7698,'BLAKE','MANAGER',7839,'1981-03-01',2850,NULL,30);
INSERT INTO EMP VALUES (7782,'CLARK','MANAGER',7839,'1981-06-09',2450,NULL,10);
INSERT INTO EMP VALUES (7566,'JONES','MANAGER',7839,'1981-04-02',2975,NULL,20);
INSERT INTO EMP VALUES (7654,'MARTIN','SALESMAN',7698,'1981-09-28',1250,1400,30);
INSERT INTO EMP VALUES (7499,'ALLEN','SALESMAN',7698,'1981-02-20',1600,300,30);
INSERT INTO EMP VALUES (7844,'TURNER','SALESMAN',7698,'1981-09-08',1500,0,30);
INSERT INTO EMP VALUES (7900,'JAMES','CLERK',7698,'1981-12-03',950,NULL,30);
INSERT INTO EMP VALUES (7521,'WARD','SALESMAN',7698,'1981-02-22',1250,500,30);
INSERT INTO EMP VALUES (7902,'FORD','ANALYST',7566,'1981-12-03',3000,NULL,20);
INSERT INTO EMP VALUES (7369,'SMITH','CLERK',7902,'1980-12-17',800,NULL,20);
INSERT INTO EMP VALUES (7788,'SCOTT','ANALYST',7566,'1982-12-09',3000,NULL,20);
INSERT INTO EMP VALUES (7876,'ADAMS','CLERK',7788,'1983-01-12',1100,NULL,20);
INSERT INTO EMP VALUES (7934,'MILLER','CLERK',7782,'1982-01-23',1300,NULL,10);

SELECT *
FROM EMP
WHERE(DEPTNO=10 OR DEPTNO=20);

SELECT *
FROM EMP 
WHERE JOB='MANAGER';

SELECT *
FROM EMP
WHERE(JOB='MANAGER' AND DEPTNO=10);
 
SELECT *
FROM EMP
WHERE SAL BETWEEN 2000 AND 5000;

SELECT LOWER(ENAME) AS 'EmpName'
FROM EMP;

SELECT DISTINCT DEPTNO 
FROM EMP;

SELECT  ENAME 
FROM EMP 
ORDER BY DATEDIFF(HIREDATE, CURDATE()) DESC
LIMIT 1;

SELECT SAL
FROM EMP 
ORDER BY SAL DESC
LIMIT 3;

SELECT ENAME 
FROM EMP 
WHERE DEPTNO = (SELECT DEPTNO 
				FROM EMP 
				WHERE ENAME='SCOTT');

SELECT * 
FROM EMP 
WHERE JOB = (SELECT JOB 
			 FROM EMP 
			 WHERE ENAME='BLAKE');

SELECT * 
FROM EMP 
WHERE MGR = (SELECT EMPNO 
			 FROM EMP 
			 WHERE ENAME='KING');

SELECT COUNT(*) 
FROM EMP;

SELECT MAX(SAL) AS maxSal,MIN(SAL) AS minSal,AVG(SAL)AS averageSal 
FROM EMP;


SELECT EMP.JOB,DEPT.DNAME,COUNT(*) AS empCount
FROM EMP INNER JOIN DEPT
ON EMP.DEPTNO=DEPT.DEPTNO
WHERE DEPT.DEPTNO=10 OR DEPT.DEPTNO=20
GROUP BY EMP.JOB,DEPT.DNAME
HAVING COUNT(*) > 1
ORDER BY 3 DESC;

SELECT a.ENAME AS 'NAME',b.ENAME AS 'BOSS'
FROM EMP AS a LEFT JOIN EMP AS b
ON a.MGR = b.EMPNO;

SELECT EMP1.ENAME AS 'EMPLOYEE_NAME',EMP2.ENAME AS 'MANAGER_NAME',DEPT.DNAME AS 'DEPARTMENT_NAME'
FROM (EMP AS EMP1 LEFT JOIN EMP AS EMP2
ON EMP1.MGR = EMP2.EMPNO)INNER JOIN DEPT
ON EMP1.DEPTNO=DEPT.DEPTNO;

ALTER TABLE EMP
ADD CONSTRAINT CHECK_SAL
  CHECK (SAL>=1000 AND SAL<=50000);

-------------------------------------------------------
CREATE TABLE FOO(
	money integer
);

START TRANSACTION
	INSERT INTO FOO
	VALUES(100);
	
	INSERT INTO FOO
	VALUES(200);

	SELECT *
	FROM FOO;

ROLLBACK TRANSACTION

SELECT *
FROM FOO;


CREATE TABLE BOO(
	money integer
);

START  TRANSACTION
	BEGIN TRY
		INSERT INTO FOO
		VALUES(100);

		INSERT INTO BOO
		VALUES('abc');
	
		INSERT INTO FOO
		VALUES(200);
	
		COMMIT;
	END TRY
	BEGIN CATCH
		ROLLBACK;
	END CATCH
END
	
SELECT *
FROM FOO;

SELECT *
FROM BOO;

DROP TABLE FOO;
DROP TABLE BOO;

